Metric,Baseline DT,Enhanced DT,Baseline RF,Enhanced RF,DT_Improvement,RF_Improvement,DT_Improvement_Pct,RF_Improvement_Pct,p_value,Significant
Accuracy,0.4,0.412495698390242,0.75,0.9000305892249455,0.012495698390242005,0.1500305892249455,3.1239245975605012,20.00407856332607,0.022226471538082403,True
Precision,0.38,0.3872550294741833,0.74,0.903813228851254,0.007255029474183272,0.16381322885125404,1.9092182826798032,22.136922817737027,0.02897705858735813,True
Recall,0.4,0.412495698390242,0.75,0.9000305892249455,0.012495698390242005,0.1500305892249455,3.1239245975605012,20.00407856332607,0.022226471538082403,True
F1-score,0.35,0.3458700644814825,0.73,0.898178116701624,-0.00412993551851748,0.16817811670162397,-1.17998157671928,23.038098178304644,0.5,False
ROC-AUC,0.75,0.9223889153469704,0.9,0.9973330730064754,0.17238891534697043,0.09733307300647542,22.985188712929382,10.81478588960838,0.0027413946678109093,True
