feature,importance
current_event,0.3289501383083678
event_position,0.23083777706846886
unique_activities,0.1654366955579706
trace_length,0.16402862578413663
repeated_activities,0.11074676328105595
