feature,importance
current_event,0.3873838939405967
event_position,0.2948405453047928
unique_activities,0.2173569234097218
trace_length,0.05463124951492274
repeated_activities,0.04578738782996593
