{
    "summary": {
        "baseline": {
            "dt": {
                "accuracy_mean": 0.28812532479069325,
                "accuracy_std": 0.030338653827304368,
                "precision_mean": 0.3326739605787736,
                "precision_std": 0.026659015678144486,
                "recall_mean": 0.4166031655148786,
                "recall_std": 0.023761668398037037,
                "f1_mean": 0.31799139838184204,
                "f1_std": 0.023376210919230516,
                "roc_auc_mean": 0.8246774993017425,
                "roc_auc_std": 0.010881809571897954
            },
            "rf": {
                "accuracy_mean": 0.5105189943324295,
                "accuracy_std": 0.006397414260782494,
                "precision_mean": 0.4152646699616967,
                "precision_std": 0.008061158157696369,
                "recall_mean": 0.5016225257631671,
                "recall_std": 0.0044830804992295956,
                "f1_mean": 0.4264818885414809,
                "f1_std": 0.005134423242806456,
                "roc_auc_mean": 0.8932283795634705,
                "roc_auc_std": 0.009947091577435885
            }
        },
        "enhanced": {
            "dt": {
                "accuracy_mean": 0.22740881016726566,
                "accuracy_std": 0.016963613119620566,
                "precision_mean": 0.26774664333482495,
                "precision_std": 0.01356242985553697,
                "recall_mean": 0.37721087543298637,
                "recall_std": 0.01355131319614895,
                "f1_mean": 0.24566726949741136,
                "f1_std": 0.008550222773637426,
                "roc_auc_mean": 0.8128171808233103,
                "roc_auc_std": 0.006777969332708232
            },
            "rf": {
                "accuracy_mean": 0.5871229904694968,
                "accuracy_std": 0.008543505659949808,
                "precision_mean": 0.4701804291214751,
                "precision_std": 0.008107534130944663,
                "recall_mean": 0.5431932504220567,
                "recall_std": 0.0032567670544518625,
                "f1_mean": 0.4843169515622665,
                "f1_std": 0.008836824627151286,
                "roc_auc_mean": 0.9118429066123769,
                "roc_auc_std": 0.004495360034589123
            }
        }
    },
    "improvement": {
        "dt": {
            "accuracy": -0.06071651462342759,
            "f1": -0.07232412888443068,
            "roc_auc": -0.011860318478432164
        },
        "rf": {
            "accuracy": 0.07660399613706725,
            "f1": 0.057835063020785615,
            "roc_auc": 0.018614527048906426
        }
    }
}