{
    "models": {
        "decision_tree": {
            "accuracy": 0.9992597162245528,
            "report": {
                "Declaration APPROVED by ADMINISTRATION": {
                    "precision": 1.0,
                    "recall": 0.9930898321816387,
                    "f1-score": 0.9965329370975731,
                    "support": 2026.0
                },
                "Declaration APPROVED by BUDGET OWNER": {
                    "precision": 1.0,
                    "recall": 0.9995064165844028,
                    "f1-score": 0.9997531473710195,
                    "support": 2026.0
                },
                "Declaration APPROVED by PRE_APPROVER": {
                    "precision": 0.9995066600888012,
                    "recall": 1.0,
                    "f1-score": 0.999753269183321,
                    "support": 2026.0
                },
                "Declaration FINAL_APPROVED by SUPERVISOR": {
                    "precision": 1.0,
                    "recall": 0.9960532807104094,
                    "f1-score": 0.9980227385071676,
                    "support": 2027.0
                },
                "Declaration FOR_APPROVAL by ADMINISTRATION": {
                    "precision": 1.0,
                    "recall": 1.0,
                    "f1-score": 1.0,
                    "support": 2026.0
                },
                "Declaration FOR_APPROVAL by PRE_APPROVER": {
                    "precision": 1.0,
                    "recall": 1.0,
                    "f1-score": 1.0,
                    "support": 2026.0
                },
                "Declaration FOR_APPROVAL by SUPERVISOR": {
                    "precision": 1.0,
                    "recall": 1.0,
                    "f1-score": 1.0,
                    "support": 2027.0
                },
                "Declaration REJECTED by ADMINISTRATION": {
                    "precision": 0.9931372549019608,
                    "recall": 1.0,
                    "f1-score": 0.9965568125922283,
                    "support": 2026.0
                },
                "Declaration REJECTED by BUDGET OWNER": {
                    "precision": 0.9995066600888012,
                    "recall": 1.0,
                    "f1-score": 0.999753269183321,
                    "support": 2026.0
                },
                "Declaration REJECTED by EMPLOYEE": {
                    "precision": 0.9995066600888012,
                    "recall": 1.0,
                    "f1-score": 0.999753269183321,
                    "support": 2026.0
                },
                "Declaration REJECTED by MISSING": {
                    "precision": 0.9995069033530573,
                    "recall": 1.0,
                    "f1-score": 0.9997533908754624,
                    "support": 2027.0
                },
                "Declaration REJECTED by PRE_APPROVER": {
                    "precision": 0.9995066600888012,
                    "recall": 1.0,
                    "f1-score": 0.999753269183321,
                    "support": 2026.0
                },
                "Declaration REJECTED by SUPERVISOR": {
                    "precision": 0.9975393700787402,
                    "recall": 1.0,
                    "f1-score": 0.9987681694998768,
                    "support": 2027.0
                },
                "Declaration SUBMITTED by EMPLOYEE": {
                    "precision": 1.0,
                    "recall": 1.0,
                    "f1-score": 1.0,
                    "support": 2026.0
                },
                "Payment Handled": {
                    "precision": 1.0,
                    "recall": 1.0,
                    "f1-score": 1.0,
                    "support": 2026.0
                },
                "Request Payment": {
                    "precision": 1.0,
                    "recall": 0.9995064165844028,
                    "f1-score": 0.9997531473710195,
                    "support": 2026.0
                },
                "accuracy": 0.9992597162245528,
                "macro avg": {
                    "precision": 0.9992631355430601,
                    "recall": 0.9992597466288033,
                    "f1-score": 0.9992595887529769,
                    "support": 32420.0
                },
                "weighted avg": {
                    "precision": 0.9992631353496999,
                    "recall": 0.9992597162245528,
                    "f1-score": 0.9992595735137378,
                    "support": 32420.0
                }
            }
        },
        "random_forest": {
            "accuracy": 0.9990746452806909,
            "report": {
                "Declaration APPROVED by ADMINISTRATION": {
                    "precision": 1.0,
                    "recall": 0.9930898321816387,
                    "f1-score": 0.9965329370975731,
                    "support": 2026.0
                },
                "Declaration APPROVED by BUDGET OWNER": {
                    "precision": 0.995085995085995,
                    "recall": 0.9995064165844028,
                    "f1-score": 0.9972913075597144,
                    "support": 2026.0
                },
                "Declaration APPROVED by PRE_APPROVER": {
                    "precision": 1.0,
                    "recall": 1.0,
                    "f1-score": 1.0,
                    "support": 2026.0
                },
                "Declaration FINAL_APPROVED by SUPERVISOR": {
                    "precision": 1.0,
                    "recall": 0.9925999013320178,
                    "f1-score": 0.9962862094577866,
                    "support": 2027.0
                },
                "Declaration FOR_APPROVAL by ADMINISTRATION": {
                    "precision": 1.0,
                    "recall": 1.0,
                    "f1-score": 1.0,
                    "support": 2026.0
                },
                "Declaration FOR_APPROVAL by PRE_APPROVER": {
                    "precision": 1.0,
                    "recall": 1.0,
                    "f1-score": 1.0,
                    "support": 2026.0
                },
                "Declaration FOR_APPROVAL by SUPERVISOR": {
                    "precision": 1.0,
                    "recall": 1.0,
                    "f1-score": 1.0,
                    "support": 2027.0
                },
                "Declaration REJECTED by ADMINISTRATION": {
                    "precision": 0.9926506614404703,
                    "recall": 1.0,
                    "f1-score": 0.9963117777231374,
                    "support": 2026.0
                },
                "Declaration REJECTED by BUDGET OWNER": {
                    "precision": 1.0,
                    "recall": 1.0,
                    "f1-score": 1.0,
                    "support": 2026.0
                },
                "Declaration REJECTED by EMPLOYEE": {
                    "precision": 1.0,
                    "recall": 1.0,
                    "f1-score": 1.0,
                    "support": 2026.0
                },
                "Declaration REJECTED by MISSING": {
                    "precision": 1.0,
                    "recall": 1.0,
                    "f1-score": 1.0,
                    "support": 2027.0
                },
                "Declaration REJECTED by PRE_APPROVER": {
                    "precision": 0.9995066600888012,
                    "recall": 1.0,
                    "f1-score": 0.999753269183321,
                    "support": 2026.0
                },
                "Declaration REJECTED by SUPERVISOR": {
                    "precision": 0.9980305268340719,
                    "recall": 1.0,
                    "f1-score": 0.9990142927550517,
                    "support": 2027.0
                },
                "Declaration SUBMITTED by EMPLOYEE": {
                    "precision": 1.0,
                    "recall": 1.0,
                    "f1-score": 1.0,